Group,Term,Seq,WBCValue,LYMValue,MONValue,GRAValue,HGBValue,MCHValue,MCHCValue,RBCValue,MCVValue,HCTValue,RDWValue,RDWaValue,PLTValue,MPVValue,Glucose,Weight Pct,EAE score,ID
NT,-1,964,29.4,26.3,1.2,1.9,17.9,16.8,40.8,10.62,41.3,43.9,16.3,29.3,598,5.4,133,100,0,NT 1R 
NT,-1,968,22.9,19.8,0.9,2.2,16,16.7,39.7,9.58,42.1,40.4,15.8,28.9,244,5.7,146,100,0,NT 2R
NT,-1,965,24.4,22.3,0.7,1.4,15.9,16.9,39.5,9.4,42.7,40.2,16.3,30,458,5.5,152,100,0,NT 3R
NT,-1,966,26.8,23.1,1.1,2.6,16.3,16.8,39.9,9.73,42.2,41,16.3,29.3,549,5.4,173,100,0,NT 1L
NT,-1,967,26.3,23.6,0.8,1.9,15.9,16.7,39.7,9.54,42,40.1,16.2,29.2,408,5.7,138,100,0,NT 2L
NT,-1,961,32.2,28.8,1.1,2.3,16.2,16.7,39.2,9.71,42.5,41.2,16.1,29.5,436,5.7,128,100,0,NT 1R1L
NT,-1,963,23,20.4,0.8,1.8,15.3,16.7,39.6,9.15,42.2,38.6,16.1,28.9,415,5.5,144,100,0,NT 2R1L
NT,-1,969,29.5,25.2,1.2,3.1,17.3,16.6,39.9,10.4,41.8,43.4,16.3,29.8,314,5.5,137,100,0,NT 1R2L
NT,-1,960,23.3,20.8,0.8,1.7,13,16.8,37.9,7.75,44.4,34.4,16.3,30.3,229,5.6,149,100,0,NT 2R2L
NT,-1,962,31.3,27.2,1.2,2.9,14.9,16.7,39.4,8.95,42.3,37.9,16,28.5,319,5.7,150,100,0,NT Full 
HICT,-1,977,9.1,8.3,0.2,0.6,7.6,18.3,39,4.17,46.9,19.5,15.6,28.9,99,5.9,146,100,0,HICT 1R
HICT,-1,978,25.7,18.6,3,4.1,15.6,16.5,38.7,9.46,42.6,40.4,16,29.4,408,5.6,160,100,0,HICT 2R
HICT,-1,974,22.4,19.8,0.6,2,14.1,16.7,38.8,8.44,43,36.3,15.9,28.9,213,5.7,154,100,0,HICT 1L
HICT,-1,975,25,22.2,0.8,2,16,16.7,38.8,9.6,43.1,41.4,15.7,29.9,432,5.9,143,100,0,HICT 2L
HICT,-1,979,22,20,0.6,1.4,15.7,16.8,38.7,9.31,43.5,40.5,16.6,30.9,458,5.6,166,100,0,HICT 1R1L 
HICT,-1,976,28.5,25.2,0.9,2.4,16.5,16.4,39.2,10.05,41.8,42.1,16.2,29.3,448,5.4,161,100,0,HICT 2R1L 
HICT,-1,972,21.2,19.6,0.5,1.1,11.5,16.8,37.8,6.8,44.6,30.4,15.7,29.3,112,5.4,109,100,0,HICT 1R2L  
HICT,-1,973,24.1,21.6,0.8,1.7,15.9,16.6,38.6,9.54,43,41.1,16.3,30,473,5.8,143,100,0,HICT 2R2L 
HICT,-1,980,18,16.1,0.5,1.4,13.3,16.7,38.3,7.93,43.7,34.7,15.8,29.1,241,5.6,130,100,0,HICT Full 
NT,0,994,19,15.7,1,2.3,14.9,16.4,39.2,9.13,41.8,38.2,15.7,27.7,405,5.7,121,100,0,NT 1R 
NT,0,991,17.9,14.7,0.7,2.5,12.8,16,37.6,8.02,42.6,34.1,15.2,27.1,201,5.6,115,100,0,NT 2R 
NT,0,993,17,14.1,0.7,2.2,13.3,16.6,38.3,8.01,43.4,34.8,15,27.7,252,5.8,113,100,0,NT 3R 
NT,0,997,14,11.9,0.7,1.4,12.4,16.7,38.5,7.43,43.5,32.3,15.8,28.3,287,5.6,130,100,0,NT 1L 
NT,0,,,,,,,,,,,,,,,,115,100,0,NT 2L
NT,0,998,16.5,13.6,0.8,2.1,15.1,16.5,39.4,9.18,41.9,38.5,15.3,27.4,273,5.8,142,100,0,NT 1R1L
NT,0,995,15.9,13.2,0.7,2,16.1,16.8,40.5,9.59,41.4,39.7,15.7,27.8,384,5.7,107,100,0,NT 2R1L 
NT,0,996,21,17,1,3,15.6,16.6,39.6,9.44,41.8,39.5,15.9,28.5,372,5.5,107,100,0,NT 1R2L
NT,0,990,16.7,14.3,0.7,1.7,15.5,16.3,38.9,9.5,41.8,39.8,15.5,27.8,418,5.7,117,100,0,NT 2R2L
NT,0,992,13.4,11.1,0.5,1.8,9.6,16.1,36.9,5.97,43.5,26,15.3,26.9,108,5.9,118,100,0,NT Full 
HICT,0,1007,10,8.1,0.4,1.5,13.1,16.7,38.4,7.81,43.6,34.1,15.8,28.8,278,5.9,116,100,0,HICT 1R 
HICT,0,1005,17.5,14,0.8,2.7,15.8,17,40.2,9.3,42.4,39.4,15.8,29,233,5.8,149,100,0,HICT 2R
HICT,0,1002,20.1,16.2,1,2.9,16.1,16.5,39.7,9.77,41.5,40.5,16.1,28.6,304,5.8,103,100,0,HICT 1L
HICT,0,1000,26.1,22.4,1.3,2.4,17.3,16.7,39.9,10.37,41.9,43.4,16.1,29.3,493,5.3,131,100,0,HICT 2L
HICT,0,1006,14.4,12.5,0.5,1.4,11.1,16.9,38,6.56,44.5,29.2,15.7,28.6,197,6.2,133,100,0,HICT 1R1L 
HICT,0,1001,24.3,19.8,0.9,3.6,13.9,16.5,38.4,8.43,43,36.2,15.9,28.9,268,5.7,130,100,0,HICT 2R1L 
HICT,0,1004,20.8,17.3,0.8,2.7,16.3,16.8,39.3,9.68,42.7,41.4,16.3,30,371,5.9,117,100,0,HICT 1R2L 
HICT,0,999,20.3,17,0.9,2.4,16.2,16.8,40.4,9.66,41.5,40.1,16.3,28.7,534,5.4,112,100,0,HICT 2R2L 
HICT,0,1003,18.4,15,0.9,2.5,15.9,16.7,39.7,9.56,42,40.2,16.3,29.2,517,5.3,140,100,0,HICT Full 
NT,2,1048,36.7,29.5,1.7,5.5,15.6,16.6,40.3,9.39,41.3,38.8,16.3,28.2,710,5.4,139,100,0,NT 1R
NT,2,1053,27.3,21.5,1.2,4.6,13.5,16.5,39.3,8.14,42,34.2,15.8,27.6,355,5.8,133,100,0,NT 2R
NT,2,1055,31.3,25.6,1.5,4.2,15.4,16.8,40.2,9.17,41.9,38.4,15.7,27.7,542,5.4,141,100,0,NT 3R
NT,2,1049,29.8,23.4,1.5,4.9,13.8,16.6,39.2,8.3,42.4,35.2,15.6,27.5,294,5.6,130,100,0,NT 1L
NT,2,1050,29.9,25,1.3,3.6,13.7,16.4,39.3,8.35,41.7,34.8,16,27.8,491,5.6,119,100,0,NT 2L
NT,2,1054,30.4,24.8,1.3,4.3,14.8,16.6,39.9,8.88,41.6,37,15.8,27.5,504,5.5,153,100,0,NT 1R1L
NT,2,1057,25.7,20.4,1.1,4.2,14.8,16.3,39.7,9.03,41.2,37.2,16.1,27.8,651,5.3,130,100,0,NT 2R1L
NT,2,1056,30.5,23.9,1.3,5.3,13.7,16.6,39.4,8.29,42.1,34.9,15.7,27.4,326,5.8,125,100,0,NT 1R2L 
NT,2,1052,32.5,26.8,1.5,4.2,14.3,16.8,39.2,8.48,42.9,36.4,16.4,29.3,458,5.7,150,100,0,NT 2R2L
NT,2,1051,29.7,24.4,1.3,4,13.2,16.6,39.8,8,41.6,33.3,15.6,27.1,266,5.8,112,100,0,NT Full 
HICT,2,1065,24.8,19.3,1,4.5,14.9,16.7,39.5,8.92,42.4,37.8,15.8,28.3,384,5.7,145,100,0,HICT 1R
HICT,2,1069,16,13.3,0.5,2.2,10.3,17.1,38.7,6,44.3,26.5,15.3,27.4,143,5.5,139,100,0,HICT 2R
HICT,2,1064,25,20.1,1.1,3.8,13.4,16.4,38.6,8.16,42.5,34.7,15.9,28,179,5.8,139,100,0,HICT 1L
HICT,2,1063,29,24.1,1.1,3.8,13.7,16.8,39.2,8.17,42.8,35,15.7,27.9,369,5.5,138,100,0,HICT 2L 
HICT,2,1062,23.7,19.5,1.2,3,16.1,16.9,39.9,9.57,42.2,40.4,16.2,29.2,486,5.8,159,100,0,HICT 1R1L 
HICT,2,1068,24.2,20.2,1,3,14.6,16.5,39.3,8.85,42.1,37.3,15.9,27.8,367,5.6,149,100,0,HICT 2R1L 
HICT,2,1060,21.9,17.7,1,3.2,13.7,16.7,39,8.2,42.9,35.2,15.9,28.4,339,6.1,133,100,0,HICT 1R2L 
HICT,2,1058,26.5,22.3,1.2,3,14.8,16.3,39.2,9.06,41.7,37.8,16,27.9,394,5.5,150,100,0,HICT 2R2L 
HICT,2,1059,25.5,21.9,1.1,2.5,14.3,16.7,39.3,8.53,42.6,36.3,16.3,28.7,515,5.8,152,100,0,HICT Full 
NT,6,1079,26.1,19.2,1.3,5.6,9.6,16.6,38.7,5.81,42.9,24.9,16,26.7,513,5.4,134,,,NT 1R
NT,6,1078,23.8,15.9,1.2,6.7,10.6,16.4,39,6.48,42,27.2,15.5,26.2,344,5.6,116,,,NT 1L
NT,6,1074,45.8,30.9,2.8,12.1,11.8,17,39.3,6.94,43.4,30.1,15.9,28.1,265,5.8,123,,,NT 2R
NT,6,1081,27,20.2,1.5,5.3,11.6,16.6,38.7,6.96,43,29.9,15.5,27.2,122,5.2,124,,,NT 2L
NT,6,1082,13.2,9.7,0.6,2.9,8,17,39.1,4.73,43.4,20.5,14.8,25.5,58,5.3,151,,,NT 3R
NT,6,1080,34.6,24.4,2.2,8,14.5,16.8,40.6,8.65,41.4,35.8,15.8,27.4,521,5.3,155,,,NT 1R1L
NT,6,1073,30.8,21.6,1.9,7.3,12.5,16.4,39.6,7.61,41.4,31.5,15.3,26.6,198,5.8,141,,,NT 2R1L
NT,6,1077,35.3,25.9,2.2,7.2,15.2,16.8,41.1,9.03,40.9,36.9,15.8,27.5,380,5.5,133,,,NT 1R2L
NT,6,1076,35.9,23.1,2.4,10.4,13.8,16.7,40.1,8.24,41.7,34.4,16.5,28.1,532,5.6,141,,,NT 2R2L
NT,6,1075,32.2,23.4,1.8,7,14.6,16.4,40.1,8.86,41,36.3,15.3,26.8,159,6.1,133,,,NT Full
HICT,6,1096,27.6,18.8,1.5,7.3,14.5,16.9,40.2,8.58,42.1,36.1,16.2,28.1,634,5.5,127,,,HICT 1R
HICT,6,1083,19,13.3,1,4.7,9,17,38.7,5.31,44.1,23.4,15.2,26.7,186,5.7,110,,,HICT 1L
HICT,6,1095,23.5,17.6,1.1,4.8,11,16.7,38.9,6.63,42.9,28.4,16.2,27.7,423,5.9,113,,,HICT 2R
HICT,6,1085,31.1,21.5,2.3,7.3,12.1,16.5,38.3,7.33,43.2,31.7,16.1,28.1,323,5.8,130,,,HICT 2L
HICT,6,1084,33.3,25.2,1.8,6.3,13.6,17.1,38.7,8,44.1,35.3,17.4,31.7,703,5.7,139,,,HICT 1R1L
HICT,6,1086,37.3,26.7,2.1,8.5,15,16.7,39.8,9.02,41.8,37.7,16.3,28.3,596,5.5,141,,,HICT 2R1L
HICT,6,1088,33,24.6,1.8,6.6,14.5,16.6,39.4,8.73,42.2,36.9,16.4,28.4,550,5.8,157,,,HICT 1R2L
HICT,6,1094,27.5,20.5,1.4,5.6,14.8,17,40.5,8.74,41.9,36.7,16.5,28.5,699,5.2,142,,,HICT 2R2L
HICT,6,1093,14.7,11.1,0.6,3,7,16.9,37.5,4.16,45.1,18.8,15.2,26.5,164,5.2,153,,,HICT full
NT,8,1108,26.6,17.1,1.7,7.8,14.1,16.3,39.5,8.63,41.4,35.7,16.3,28.2,487,5.7,155,102.1717172,0,NT 1R
NT,8,1105,13.7,9.9,0.7,3.1,10.7,16.3,39.1,6.57,41.8,27.4,15.3,26.1,265,5.5,126,91.44144144,0,NT 2R
NT,8,1107,24.8,15.3,1.8,7.7,16.1,17.4,39.9,9.26,43.6,40.4,17.4,32.4,353,5.8,191,97.25274725,0,NT 3R
NT,8,1103,30.6,19.8,2.1,8.7,11.4,16.8,39.1,6.8,42.9,29.2,15.3,26.8,234,5.6,146,95.39906103,0,NT 1L
NT,8,1104,22.9,16.4,1.5,5,15.6,16.3,40.4,9.56,40.4,38.6,16.2,27.9,513,5.5,143,99.08602151,0,NT 2L
NT,8,1106,23.1,16.4,1.2,5.5,15.8,16.2,39.7,9.75,40.9,39.9,15.8,27.7,409,5.9,128,97.2361809,0,NT 1R1L
NT,8,1109,34.1,20.1,2.3,11.7,13,16.3,39.8,7.98,41,32.8,15.9,26.7,484,5.8,112,102.0618557,0,NT 2R1L
NT,8,1110,22.2,14.9,1.3,6,13.1,16.5,39.4,7.98,41.8,33.4,15.9,27.5,361,5.7,137,115.7360406,0,NT 1R2L
NT,8,1102,19.3,13.4,1.3,4.6,14.1,16.7,39.7,8.41,42.1,35.5,16.4,28.7,277,5.8,159,98.75,0,NT 2R2L
NT,8,1101,18.6,14.9,1,2.7,14.9,16.7,40.1,8.91,41.6,37.1,16,28.2,183,6.4,155,101.5151515,0,NT Full
HICT,8,1119,27.8,14.3,2.1,11.4,13.8,16.6,39.7,8.35,41.7,34.8,16,27.7,496,5.6,116,101.3142857,0,HICT 1R
HICT,8,1113,24.7,15.6,2.4,6.7,13.9,16.7,39,8.34,42.9,35.8,16.5,29.3,506,5.8,114,104.6315789,0,HICT 2R
HICT,8,1111,14.3,10.4,0.7,3.2,10.1,16.6,38.4,6.11,43.1,26.4,16.2,28,243,5.8,112,102.25,0,HICT 1L
HICT,8,1114,23.8,15.2,1.3,7.3,11.9,16.8,39.1,7.09,42.9,30.4,16,27.9,290,5.7,157,101.2234043,0,HICT 2L
HICT,8,1117,20,14.9,1.1,4,14.3,17,38.9,8.42,43.7,36.8,18.1,32.7,409,5.8,147,103.0769231,0,HICT 1R1L 
HICT,8,1118,16.6,12.3,0.9,3.4,15,16.8,39.6,8.95,42.4,37.9,17.3,30.6,623,5.4,146,104.7916667,0,HICT 2R1L 
HICT,8,1115,15.7,9.9,0.8,5,10.2,16.8,38.7,6.04,43.5,26.3,16,27.8,248,5.8,131,101.4893617,0,HICT 1R2L 
HICT,8,1116,19.6,14.9,1.1,3.6,12.9,17.8,39.4,7.24,45.2,32.7,19.6,35.5,595,5.7,153,102.2994652,0,HICT 2R2L 
HICT,8,1112,17.4,13,0.9,3.5,12.1,16.7,38.5,7.24,43.4,31.4,16.2,28.9,185,5.9,147,100.7446809,0,HICT Full 
NT,9,,,,,,,,,,,,,,,,,92.67676768,0,NT 1R
NT,9,,,,,,,,,,,,,,,,,87.79342723,0,NT 1L
NT,9,,,,,,,,,,,,,,,,,89.24731183,1,NT 2R
NT,9,,,,,,,,,,,,,,,,,84.23423423,1,NT 2L
NT,9,,,,,,,,,,,,,,,,,82.85714286,3,NT 3R
NT,9,,,,,,,,,,,,,,,,,85.42713568,1,NT 1R1L
NT,9,,,,,,,,,,,,,,,,,93.04123711,0,NT 2R1L
NT,9,,,,,,,,,,,,,,,,,105.0761421,0,NT 1R2L
NT,9,,,,,,,,,,,,,,,,,85.5,1,NT 2R2L
NT,9,,,,,,,,,,,,,,,,,96.86868687,0,NT Full
HICT,9,,,,,,,,,,,,,,,,,96.51428571,0,HICT 1R
HICT,9,,,,,,,,,,,,,,,,,99.5,0,HICT 1L
HICT,9,,,,,,,,,,,,,,,,,97.78947368,0,HICT 2R
HICT,9,,,,,,,,,,,,,,,,,96.96808511,1,HICT 2L
HICT,9,,,,,,,,,,,,,,,,,100,0,HICT 1R1L
HICT,9,,,,,,,,,,,,,,,,,100.46875,0,HICT 2R1L
HICT,9,,,,,,,,,,,,,,,,,98.45744681,0,HICT 1R2L
HICT,9,,,,,,,,,,,,,,,,,100.802139,0,HICT 2R2L
HICT,9,,,,,,,,,,,,,,,,,91.22340426,0,HICT full
NT,10,,,,,,,,,,,,,,,,,84.29292929,2,NT 1R
NT,10,,,,,,,,,,,,,,,,,78.12206573,3,NT 1L
NT,10,,,,,,,,,,,,,,,,,81.61290323,2,NT 2R
NT,10,,,,,,,,,,,,,,,,,76.08108108,1,NT 2L
NT,10,,,,,,,,,,,,,,,,,77.63736264,3.5,NT 3R
NT,10,,,,,,,,,,,,,,,,,77.48743719,4,NT 1R1L
NT,10,,,,,,,,,,,,,,,,,84.79381443,1,NT 2R1L
NT,10,,,,,,,,,,,,,,,,,98.3248731,0,NT 1R2L
NT,10,,,,,,,,,,,,,,,,,78.25,3,NT 2R2L
NT,10,,,,,,,,,,,,,,,,,94.8989899,0,NT Full
HICT,10,,,,,,,,,,,,,,,,,86.85714286,3,HICT 1R
HICT,10,,,,,,,,,,,,,,,,,94.65,0,HICT 1L
HICT,10,,,,,,,,,,,,,,,,,86.05263158,0,HICT 2R
HICT,10,,,,,,,,,,,,,,,,,93.61702128,0,HICT 2L
HICT,10,,,,,,,,,,,,,,,,,93.48717949,1,HICT 1R1L
HICT,10,,,,,,,,,,,,,,,,,91.40625,0,HICT 2R1L
HICT,10,,,,,,,,,,,,,,,,,91.96808511,1,HICT 1R2L
HICT,10,,,,,,,,,,,,,,,,,100,0,HICT 2R2L
HICT,10,,,,,,,,,,,,,,,,,79.78723404,1,HICT full
NT,12,,,,,,,,,,,,,,,,,70.70707071,3,NT 1R
NT,12,,,,,,,,,,,,,,,,,73.70892019,3,NT 1L
NT,12,,,,,,,,,,,,,,,,,76.88172043,3,NT 2R
NT,12,,,,,,,,,,,,,,,,,68.46846847,3,NT 2L
NT,12,,,,,,,,,,,,,,,,,74.72527473,3.5,NT 3R
NT,12,,,,,,,,,,,,,,,,,74.3718593,3,NT 1R1L
NT,12,,,,,,,,,,,,,,,,,82.4742268,2,NT 2R1L
NT,12,,,,,,,,,,,,,,,,,87.25888325,2,NT 1R2L
NT,12,,,,,,,,,,,,,,,,,77,3,NT 2R2L
NT,12,,,,,,,,,,,,,,,,,89.8989899,1,NT Full
HICT,12,,,,,,,,,,,,,,,,,84.28571429,3,HICT 1R
HICT,12,,,,,,,,,,,,,,,,,79.25,2.5,HICT 1L
HICT,12,,,,,,,,,,,,,,,,,76.68421053,3,HICT 2R
HICT,12,,,,,,,,,,,,,,,,,83.5106383,2,HICT 2L
HICT,12,,,,,,,,,,,,,,,,,76.92307692,3,HICT 1R1L
HICT,12,,,,,,,,,,,,,,,,,80.57291667,3.5,HICT 2R1L
HICT,12,,,,,,,,,,,,,,,,,81.91489362,2.5,HICT 1R2L
HICT,12,,,,,,,,,,,,,,,,,87.70053476,0,HICT 2R2L
HICT,12,,,,,,,,,,,,,,,,,75.53191489,3,HICT full
NT,13,1126,11.3,7.3,0.6,3.4,15.3,15.8,41.1,9.67,38.6,37.3,15.6,25.1,489,5.5,137,117.0940171,3,NT 1R
NT,13,1125,13.3,9.6,0.7,3,12.6,15.6,40,8.05,39.1,31.5,15.2,24.3,228,5.8,144,96.42857143,2,NT 2R
NT,13,1130,8.6,5.8,0.4,2.4,14.4,16.2,40.6,8.89,39.8,35.4,16,26.5,484,5.1,135,91.72932331,2.5,NT 3R
NT,13,1128,13.6,9.3,0.8,3.5,13.2,16.2,40,8.19,40.5,33.1,15.2,25.7,454,5.5,152,128.5714286,2.5,NT 1L
NT,13,1127,10.3,7.9,0.5,1.9,11.5,15.8,39.4,7.24,40.3,29.2,15,24.6,254,5.6,122,109.352518,2,NT 2L
NT,13,1129,14.9,8.7,0.9,5.3,15.3,16.2,41.7,9.46,38.7,36.7,15.3,25,348,5.4,131,92.90780142,3,NT 1R1L
NT,13,1132,13.8,10,0.7,3.1,14.1,15.8,41.1,8.92,38.5,34.3,16.2,24.9,827,5.3,147,113.0769231,2,NT 2R1L
NT,13,1131,19.1,14.6,1.1,3.4,15.7,16.2,41.5,9.68,39,37.8,15.2,25.3,446,5.6,138,115.9663866,2,NT 1R2L
NT,13,1124,5.9,4.4,0.3,1.2,9.7,15.8,38.4,6.14,41.1,25.3,15.7,25.2,294,5.5,136,88.88888889,2,NT 2R2L
NT,13,1123,11.7,7.4,0.8,3.5,16.8,16.1,41,10.43,39.4,41.1,15.5,26.8,534,5.7,159,122.3076923,1,NT Full
HICT,13,1137,13.3,9.7,0.6,3,13.1,16.3,40.6,7.99,40.2,32.2,15.8,25.7,578,5.2,114,84.91428571,2,HICT 1R
HICT,13,1138,11.5,9,0.5,2,15.7,16.6,41.7,9.41,39.9,37.6,15.4,26.3,740,5.5,154,77.89473684,3,HICT 2R
HICT,13,1136,13.6,10.3,0.8,2.5,16.4,16,41.5,10.23,38.6,39.5,15.9,26,697,5.3,139,76.75,2,HICT 1L
HICT,13,1141,20.1,14.9,1.1,4.1,14.6,15.9,40.1,9.18,39.8,36.5,15.8,26.4,406,5.6,158,86.75531915,2,HICT 2L
HICT,13,1133,5,4.1,0.2,0.7,13.6,16.5,39.4,8.24,41.8,34.4,16.8,28.5,780,5.1,126,76.92307692,2.5,HICT 1R1L 
HICT,13,1135,11.3,8.6,0.7,2,16.6,16.6,41,10.05,40.4,40.6,16.1,27.8,808,5.4,121,78.28125,3,HICT 2R1L 
HICT,13,1134,14.6,10.5,0.7,3.4,15.5,16,40.7,9.7,39.3,38.1,15.8,26.1,749,5.2,120,85.10638298,2,HICT 1R2L 
HICT,13,1140,16,10.2,1.3,4.5,14.4,16.6,39.3,8.68,42.2,36.6,16.3,28.8,357,5.5,175,82.35294118,2,HICT 2R2L 
HICT,13,1139,8.2,6,0.4,1.8,11.6,16.3,39.8,7.14,40.9,29.2,15.1,25.3,284,5.5,127,75.15957447,3.5,HICT Full 
NT,14,,,,,,,,,,,,,,,,,77.37373737,3.5,NT 1R
NT,14,,,,,,,,,,,,,,,,,79.10798122,3.5,NT 1L
NT,14,,,,,,,,,,,,,,,,,83.27956989,2,NT 2R
NT,14,,,,,,,,,,,,,,,,,76.89189189,3,NT 2L
NT,14,,,,,,,,,,,,,,,,,84.3956044,3,NT 3R
NT,14,,,,,,,,,,,,,,,,,83.26633166,3,NT 1R1L
NT,14,,,,,,,,,,,,,,,,,87.26804124,2,NT 2R1L
NT,14,,,,,,,,,,,,,,,,,91.01522843,3,NT 1R2L
NT,14,,,,,,,,,,,,,,,,,84.95,2,NT 2R2L
NT,14,,,,,,,,,,,,,,,,,81.36363636,3,NT Full
HICT,14,,,,,,,,,,,,,,,,,88.57142857,3,HICT 1R
HICT,14,,,,,,,,,,,,,,,,,77.4,3,HICT 1L
HICT,14,,,,,,,,,,,,,,,,,80.47368421,3,HICT 2R
HICT,14,,,,,,,,,,,,,,,,,91.64893617,2,HICT 2L
HICT,14,,,,,,,,,,,,,,,,,81.12820513,3,HICT 1R1L
HICT,14,,,,,,,,,,,,,,,,,86.97916667,2,HICT 2R1L
HICT,14,,,,,,,,,,,,,,,,,88.29787234,2,HICT 1R2L
HICT,14,,,,,,,,,,,,,,,,,81.65775401,3.5,HICT 2R2L
HICT,14,,,,,,,,,,,,,,,,,77.9787234,3.5,HICT full
NT,15,,,,,,,,,,,,,,,,,81.71717172,3,NT 1R
NT,15,,,,,,,,,,,,,,,,,81.54929577,3,NT 1L
NT,15,,,,,,,,,,,,,,,,,86.93548387,2,NT 2R
NT,15,,,,,,,,,,,,,,,,,77.92792793,2.5,NT 2L
NT,15,,,,,,,,,,,,,,,,,89.45054945,2.5,NT 3R
NT,15,,,,,,,,,,,,,,,,,86.83417085,2.5,NT 1R1L
NT,15,,,,,,,,,,,,,,,,,89.74226804,2,NT 2R1L
NT,15,,,,,,,,,,,,,,,,,94.41624365,2.5,NT 1R2L
NT,15,,,,,,,,,,,,,,,,,87.35,2,NT 2R2L
NT,15,,,,,,,,,,,,,,,,,82.02020202,2.5,NT Full
HICT,15,,,,,,,,,,,,,,,,,90.91428571,2,HICT 1R
HICT,15,,,,,,,,,,,,,,,,,83.25,2.5,HICT 1L
HICT,15,,,,,,,,,,,,,,,,,84.15789474,2.5,HICT 2R
HICT,15,,,,,,,,,,,,,,,,,94.62765957,2,HICT 2L
HICT,15,,,,,,,,,,,,,,,,,84.25641026,2.5,HICT 1R1L
HICT,15,,,,,,,,,,,,,,,,,84.11458333,2,HICT 2R1L
HICT,15,,,,,,,,,,,,,,,,,90.42553191,1.5,HICT 1R2L
HICT,15,,,,,,,,,,,,,,,,,80.26737968,3.5,HICT 2R2L
HICT,15,,,,,,,,,,,,,,,,,82.60638298,3,HICT full
NT,16,1155,11.9,8.2,0.8,2.9,13.8,16,41.7,8.65,38.3,33.2,15.9,24.7,372,5.4,158,111.2676056,2,NT 1R
NT,16,1156,16.1,11.5,1,3.6,12.8,16.1,41.5,7.99,38.8,31,16.7,25.6,265,5.4,140,120.5607477,2,NT 2R
NT,16,1149,14.6,11.2,1,2.4,12.6,16.8,40.9,7.51,41.1,30.9,18,29,317,5,129,111.8644068,2,NT 3R
NT,16,1153,15.1,11.5,1,2.6,14.5,16.8,42.3,8.66,39.7,34.4,16.4,26.6,593,5.4,141,130.8411215,2,NT 1L
NT,16,1146,15.8,11.6,1,3.2,13.7,16.1,41.6,8.56,38.6,33.1,16.5,25.6,572,5,132,120.5128205,2,NT 2L
NT,16,1154,10.8,7.4,0.8,2.6,13.9,16.6,42,8.35,39.6,33.1,17.1,27.4,468,5.6,134,115.5172414,2,NT 1R1L
NT,16,1147,22.2,16.6,1.7,3.9,15.2,16.1,42.2,9.39,38.3,36,16.8,26.2,496,5.1,151,101.3422819,2,NT 2R1L
NT,16,1152,20,14.2,1.3,4.5,14,16.2,42.2,8.65,38.5,33.3,15.5,24.3,432,5.4,119,115.5339806,2,NT 1R2L
NT,16,1151,13.9,10.5,1,2.4,15.5,16.3,42.3,9.51,38.4,36.6,16.9,26.4,506,5.5,135,103.0534351,2,NT 2R2L
NT,16,1148,,,,,13.7,16.6,42.1,8.21,39.5,32.5,15.6,25,495,5.3,158,118.7969925,2,NT Full
HICT,16,1161,15,10.5,1,3.5,14.4,16.9,42,8.57,40.1,34.4,16.9,27.9,417,5.3,147,93.25714286,1,HICT 1R
HICT,16,1165,10.8,8.6,0.5,1.7,12.2,16.9,40.5,7.24,41.8,30.2,16.4,28,352,5.4,127,87.89473684,2,HICT 2R
HICT,16,1158,17.2,12.8,0.9,3.5,14.4,15.9,41.9,9.02,38.1,34.4,15.9,24.5,281,5.1,145,89.1,2,HICT 1L
HICT,16,1163,16.6,12.4,1.2,3,14.3,16.2,40.9,8.79,39.7,34.9,17.3,28,457,5.3,148,97.60638298,2,HICT 2L
HICT,16,1164,15.2,10.4,1,3.8,13.3,17.2,40.8,7.73,42.2,32.6,19.1,31.9,511,5.5,138,87.43589744,2,HICT 1R1L 
HICT,16,1162,13.6,10.5,0.7,2.4,14.9,16.5,41.8,9.04,39.4,35.6,15.6,25.6,503,5.3,128,83.33333333,2,HICT 2R1L 
HICT,16,1159,16.3,11.4,1,3.9,14.4,16.3,41.3,8.82,39.5,34.8,16.3,26.6,450,5.6,146,92.55319149,1,HICT 1R2L 
HICT,16,1157,16.7,11.7,0.8,4.2,15.2,16.5,41.1,9.21,40.2,37.1,16,27.2,495,5.3,123,78.87700535,3.5,HICT 2R2L 
HICT,16,1160,10,6.6,0.6,2.8,13.1,16.1,40.7,8.12,39.6,32.2,15.6,25.1,297,5.4,149,87.23404255,2,HICT Full 
NT,17,,,,,,,,,,,,,,,,,87.07070707,3,NT 1R
NT,17,,,,,,,,,,,,,,,,,82.25352113,3,NT 1L
NT,17,,,,,,,,,,,,,,,,,92.95698925,2,NT 2R
NT,17,,,,,,,,,,,,,,,,,74.90990991,2,NT 2L
NT,17,,,,,,,,,,,,,,,,,92.8021978,2,NT 3R
NT,17,,,,,,,,,,,,,,,,,88.94472362,2,NT 1R1L
NT,17,,,,,,,,,,,,,,,,,93.04123711,2,NT 2R1L
NT,17,,,,,,,,,,,,,,,,,98.47715736,2,NT 1R2L
NT,17,,,,,,,,,,,,,,,,,88.1,2,NT 2R2L
NT,17,,,,,,,,,,,,,,,,,84.14141414,2,NT Full
HICT,17,,,,,,,,,,,,,,,,,93.71428571,2,HICT 1R
HICT,17,,,,,,,,,,,,,,,,,84.6,2,HICT 1L
HICT,17,,,,,,,,,,,,,,,,,93.15789474,2,HICT 2R
HICT,17,,,,,,,,,,,,,,,,,94.78723404,2,HICT 2L
HICT,17,,,,,,,,,,,,,,,,,83.8974359,2,HICT 1R1L
HICT,17,,,,,,,,,,,,,,,,,83.59375,3,HICT 2R1L
HICT,17,,,,,,,,,,,,,,,,,92.55319149,1,HICT 1R2L
HICT,17,,,,,,,,,,,,,,,,,79.30481283,2.5,HICT 2R2L
HICT,17,,,,,,,,,,,,,,,,,87.23404255,1,HICT full
NT,19,,,,,,,,,,,,,,,,,91.81818182,2,NT 1R
NT,19,,,,,,,,,,,,,,,,,86.00938967,2,NT 1L
NT,19,,,,,,,,,,,,,,,,,95.69892473,2,NT 2R
NT,19,,,,,,,,,,,,,,,,,78.15315315,2,NT 2L
NT,19,,,,,,,,,,,,,,,,,96.59340659,2,NT 3R
NT,19,,,,,,,,,,,,,,,,,92.11055276,2,NT 1R1L
NT,19,,,,,,,,,,,,,,,,,94.79381443,1,NT 2R1L
NT,19,,,,,,,,,,,,,,,,,91.87817259,2.5,NT 1R2L
NT,19,,,,,,,,,,,,,,,,,89.9,2,NT 2R2L
NT,19,,,,,,,,,,,,,,,,,87.47474747,2,NT Full
HICT,19,,,,,,,,,,,,,,,,,97.6,1,HICT 1R
HICT,19,,,,,,,,,,,,,,,,,90.5,2,HICT 1L
HICT,19,,,,,,,,,,,,,,,,,94.63157895,2,HICT 2R
HICT,19,,,,,,,,,,,,,,,,,96.54255319,1,HICT 2L
HICT,19,,,,,,,,,,,,,,,,,94.97435897,2,HICT 1R1L
HICT,19,,,,,,,,,,,,,,,,,90.72916667,2.5,HICT 2R1L
HICT,19,,,,,,,,,,,,,,,,,93.08510638,2,HICT 1R2L
HICT,19,,,,,,,,,,,,,,,,,88.55614973,2.5,HICT 2R2L
HICT,19,,,,,,,,,,,,,,,,,94.04255319,1,HICT full
NT,20,1185,14.7,9.7,0.9,4.1,13.1,15.7,38.2,8.33,41.2,34.3,16.1,27.9,258,5.5,205,90.90909091,2,NT 1R
NT,20,1179,17.4,12.9,1,3.5,14.6,15.5,39.4,9.41,39.4,37.2,16.2,27.1,266,5.3,152,90.43010753,2,NT 2R
NT,20,1188,10.5,8.1,0.6,1.8,14.2,16.2,38.5,8.73,42.2,36.9,17,29.4,786,5.1,184,95.6043956,1,NT 3R
NT,20,1183,12.8,9.9,0.7,2.2,13.4,16.5,40.1,8.12,41.1,33.4,15.4,26.9,170,5.8,166,85.58685446,1,NT 1L
NT,20,1187,13,10.1,0.8,2.1,14,15.9,38.9,8.84,40.8,36.1,16.5,28.2,493,5.4,171,81.12612613,1,NT 2L
NT,20,1184,10.7,7.3,0.6,2.8,13.3,15.7,38.6,8.46,40.7,34.4,16.1,27.6,299,5.6,166,91.95979899,1,NT 1R1L
NT,20,1186,13.4,10.5,0.7,2.2,15.2,15.5,39.5,9.82,39.2,38.5,17.1,27.7,755,5.3,171,95.41237113,1,NT 2R1L
NT,20,1181,18.3,14.7,1.1,2.5,14.5,15.8,39.2,9.14,40.4,37,16.8,28.3,530,5.6,161,102.6395939,1,NT 1R2L
NT,20,1180,13.9,10.6,0.9,2.4,13.3,15.7,38.9,8.52,40.3,34.4,16.6,27.4,394,5.3,169,91,1,NT 2R2L
NT,20,1182,18.3,15.6,0.7,2,12.9,16.4,38.9,7.84,42.2,33.1,16.2,28.3,286,5.6,164,88.78787879,1,NT Full
HICT,20,1177,8.7,6.3,0.4,2,10.3,16.2,38.3,6.34,42.3,26.8,16,27.4,192,5.4,165,96.17142857,2,HICT 1R
HICT,20,1173,15.4,11.1,1,3.3,12.8,16.2,38,7.9,42.8,33.8,15.9,28.4,292,5.5,156,94.05263158,2,HICT 2R
HICT,20,1172,20.5,15.7,1.3,3.5,15.1,16,40.2,9.43,39.8,37.6,16.7,27.7,493,5.4,146,92.1,2,HICT 1L
HICT,20,1175,13.6,11.1,0.6,1.9,11.2,16,37.6,7.04,42.5,29.9,16.3,28.4,238,5.7,146,97.34042553,2,HICT 2L
HICT,20,1176,12.7,9.3,0.8,2.6,12.2,16.7,37.7,7.35,44.2,32.5,17.3,31,219,5.8,160,89.53846154,2,HICT 1R1L 
HICT,20,1171,17.2,13.2,1,3,15,16.4,39.6,9.15,41.3,37.8,16.6,28.6,679,5.3,164,93.75,2,HICT 2R1L 
HICT,20,1178,18.3,14,1.1,3.2,14,15.9,38.9,8.81,40.8,36,16.2,27.9,411,5.4,176,94.46808511,2,HICT 1R2L 
HICT,20,1174,21,17,1.1,2.9,14.1,17,39.7,8.29,42.8,35.5,17.4,30.7,521,5.4,155,90.16042781,2,HICT 2R2L 
HICT,20,1170,12.3,8.7,0.8,2.8,14.2,16.3,39.6,8.69,41.2,35.8,16.7,28.4,608,5.3,135,93.9893617,2,HICT Full 
NT,21,,,,,,,,,,,,,,,,,82.67676768,3,NT 1R
NT,21,,,,,,,,,,,,,,,,,84.74178404,1,NT 1L
NT,21,,,,,,,,,,,,,,,,,91.61290323,2,NT 2R
NT,21,,,,,,,,,,,,,,,,,80.22522523,2,NT 2L
NT,21,,,,,,,,,,,,,,,,,92.52747253,1,NT 3R
NT,21,,,,,,,,,,,,,,,,,88.84422111,1,NT 1R1L
NT,21,,,,,,,,,,,,,,,,,94.84536082,1,NT 2R1L
NT,21,,,,,,,,,,,,,,,,,100.5076142,1,NT 1R2L
NT,21,,,,,,,,,,,,,,,,,90.9,1,NT 2R2L
NT,21,,,,,,,,,,,,,,,,,90.2020202,1,NT Full
HICT,21,,,,,,,,,,,,,,,,,106.8571429,1,HICT 1R
HICT,21,,,,,,,,,,,,,,,,,89.45,2,HICT 1L
HICT,21,,,,,,,,,,,,,,,,,91.63157895,2,HICT 2R
HICT,21,,,,,,,,,,,,,,,,,88.03191489,1,HICT 2L
HICT,21,,,,,,,,,,,,,,,,,89.07692308,2,HICT 1R1L
HICT,21,,,,,,,,,,,,,,,,,91.875,1,HICT 2R1L
HICT,21,,,,,,,,,,,,,,,,,95.90425532,2,HICT 1R2L
HICT,21,,,,,,,,,,,,,,,,,89.78609626,1,HICT 2R2L
HICT,21,,,,,,,,,,,,,,,,,91.17021277,1,HICT full
NT,22,1201,10.6,7.1,0.8,2.7,13.9,15.9,41.3,8.71,38.6,33.6,16,24.9,604,4.9,165,84.09090909,2,NT 1R
NT,22,1199,16.7,11.2,1.3,4.2,13.5,15.6,41.1,8.67,38.1,33,16.1,24.7,435,5.3,164,92.74193548,2,NT 2R
NT,22,1193,11.8,8.8,0.8,2.2,11.8,16.5,39.6,7.18,41.7,29.9,16.2,27.3,242,5.4,179,94.50549451,1,NT 3R
NT,22,1198,15.3,11.1,1.2,3,14.7,16.5,41.6,8.88,39.6,35.2,16.3,26.6,647,5,166,88.2629108,1,NT 1L
NT,22,1194,16,11.6,1.3,3.1,14.7,16,41,9.17,39.1,35.9,16.5,26.4,649,4.9,153,83.33333333,2,NT 2L
NT,22,1202,21,14.9,1.7,4.4,14.8,16,41.3,9.25,38.8,35.9,17.1,27.1,405,5.3,161,92.96482412,1,NT 1R1L
NT,22,1195,15.5,9.4,1.3,4.8,14.4,16,41.1,9.02,38.9,35.1,16.1,25.8,391,5.5,162,96.64948454,1,NT 2R1L
NT,22,1200,16.8,12,1.3,3.5,15.2,16.5,41.8,9.22,39.5,36.4,16.7,27.3,605,5.4,152,104.3147208,1,NT 1R2L
NT,22,1197,12.9,8.6,1.2,3.1,14.8,16.4,42.2,9.04,38.8,35.1,17.1,26.4,627,5.2,159,92.8,1,NT 2R2L
NT,22,1196,19.7,14.9,1.4,3.4,13.2,16.8,40.9,7.87,41.1,32.4,16.3,27.7,303,5.6,157,91.16161616,1,NT Full
HICT,22,1203,12.2,8.1,0.9,3.2,12.8,16.4,40.5,7.84,40.5,31.7,16.5,27.2,269,5.5,156,139.2857143,1,HICT 1R
HICT,22,1213,13.2,8.7,0.9,3.6,14.6,16.4,39.9,8.87,41.3,36.6,16.1,28.1,448,5.5,155,105.0359712,1,HICT 2R
HICT,22,1216,14.6,10.1,1,3.5,12.6,16.6,40.9,7.57,40.6,30.7,16.4,26.9,196,5.1,146,110.7142857,1,HICT 1L
HICT,22,1217,13.4,10.2,0.9,2.3,15.1,16.1,40.1,9.38,40.1,37.6,17.1,28.4,584,5.3,142,106.7669173,1,HICT 2L
HICT,22,1205,,,,,16,16.8,41.1,9.49,40.9,38.9,17.2,29.2,347,5.2,157,111.3475177,1,HICT 1R1L 
HICT,22,1204,,,,,9.8,16.7,39.7,5.86,42.3,24.8,15.2,25.9,201,5.5,156,120,1,HICT 2R1L 
HICT,22,1214,11.8,8.2,0.8,2.8,12.8,16.1,39.7,7.92,40.5,32.1,16,26.7,309,5.6,155,130.2521008,2,HICT 1R2L 
HICT,22,1212,11.4,8,0.8,2.6,14.8,16.6,39.9,8.93,41.5,37.1,16.6,28.7,675,5.1,145,94.77124183,1,HICT 2R2L 
HICT,22,1215,13.2,8.4,1,3.8,15.2,16,40,9.49,40,38,16.2,27.4,521,5.5,155,119.2307692,0,HICT Full 
HICT,22,1210,14.8,10.1,1.1,3.6,13.2,16.5,39.7,8,41.5,33.2,15.9,27.6,299,5.5,183,96.25668449,1,HICT 1R1L T9 MS2 second
HICT,22,1211,11.4,8.1,0.8,2.5,13.7,16.7,39.4,8.22,42.4,34.8,16.8,29.2,428,5.2,189,93.08510638,0,HICT 2R1L T9 MS2 second
HICT,23,,,,,,,,,,,,,,,,,99.08571429,1,HICT 1R
HICT,23,,,,,,,,,,,,,,,,,95.36842105,1,HICT 2R
HICT,23,,,,,,,,,,,,,,,,,92.6,1,HICT 1L
HICT,23,,,,,,,,,,,,,,,,,101.7553191,0,HICT 2L
HICT,23,,,,,,,,,,,,,,,,,92.87179487,1,HICT 1R1L 
HICT,23,,,,,,,,,,,,,,,,,92.34375,1,HICT 2R1L 
HICT,23,,,,,,,,,,,,,,,,,101.9680851,0,HICT 1R2L 
HICT,23,,,,,,,,,,,,,,,,,93.85026738,0,HICT 2R2L 
HICT,23,,,,,,,,,,,,,,,,,90.69148936,3,HICT Full 
NT,23,,,,,,,,,,,,,,,,,85.3030303,3,NT 1R
NT,23,,,,,,,,,,,,,,,,,95.16129032,1,NT 2R
NT,23,,,,,,,,,,,,,,,,,95.87912088,1,NT 3R
NT,23,,,,,,,,,,,,,,,,,88.02816901,1,NT 1L
NT,23,,,,,,,,,,,,,,,,,85.54054054,1,NT 2L
NT,23,,,,,,,,,,,,,,,,,92.61306533,1,NT 1R1L
NT,23,,,,,,,,,,,,,,,,,98.40206186,0,NT 2R1L
NT,23,,,,,,,,,,,,,,,,,105.4314721,1,NT 1R2L
NT,23,,,,,,,,,,,,,,,,,92.65,1,NT 2R2L
NT,23,,,,,,,,,,,,,,,,,92.07070707,1,NT Full
HICT,24,,,,,,,,,,,,,,,,,101.1428571,1,HICT 1R
HICT,24,,,,,,,,,,,,,,,,,97.57894737,1,HICT 2R
HICT,24,,,,,,,,,,,,,,,,,90.5,2,HICT 1L
HICT,24,,,,,,,,,,,,,,,,,105.1595745,0,HICT 2L
HICT,24,,,,,,,,,,,,,,,,,96.46153846,1,HICT 1R1L 
HICT,24,,,,,,,,,,,,,,,,,95.98958333,1,HICT 2R1L 
HICT,24,,,,,,,,,,,,,,,,,103.1914894,0,HICT 1R2L 
HICT,24,,,,,,,,,,,,,,,,,94.9197861,0,HICT 2R2L 
HICT,24,,,,,,,,,,,,,,,,,89.89361702,2,HICT Full 
NT,24,,,,,,,,,,,,,,,,,89.64646465,2,NT 1R
NT,24,,,,,,,,,,,,,,,,,94.62365591,0,NT 2R
NT,24,,,,,,,,,,,,,,,,,97.69230769,1,NT 3R
NT,24,,,,,,,,,,,,,,,,,85.35211268,1,NT 1L
NT,24,,,,,,,,,,,,,,,,,83.15315315,0,NT 2L
NT,24,,,,,,,,,,,,,,,,,91.95979899,2,NT 1R1L
NT,24,,,,,,,,,,,,,,,,,94.32989691,0,NT 2R1L
NT,24,,,,,,,,,,,,,,,,,103.1979695,1,NT 1R2L
NT,24,,,,,,,,,,,,,,,,,96.5,1,NT 2R2L
NT,24,,,,,,,,,,,,,,,,,94.74747475,0,NT Full
HICT,25,,,,,,,,,,,,,,,,,102.8571429,0,HICT 1R
HICT,25,,,,,,,,,,,,,,,,,95.52631579,0,HICT 2R
HICT,25,,,,,,,,,,,,,,,,,94.05,0,HICT 1L
HICT,25,,,,,,,,,,,,,,,,,106.8085106,0,HICT 2L
HICT,25,,,,,,,,,,,,,,,,,97.69230769,0,HICT 1R1L 
HICT,25,,,,,,,,,,,,,,,,,98.28125,0,HICT 2R1L 
HICT,25,,,,,,,,,,,,,,,,,100.4787234,0,HICT 1R2L 
HICT,25,,,,,,,,,,,,,,,,,96.52406417,0,HICT 2R2L 
HICT,25,,,,,,,,,,,,,,,,,92.81914894,0,HICT Full 
NT,25,,,,,,,,,,,,,,,,,91.01010101,0,NT 1R
NT,25,,,,,,,,,,,,,,,,,96.50537634,0,NT 2R
NT,25,,,,,,,,,,,,,,,,,95.6043956,0,NT 3R
NT,25,,,,,,,,,,,,,,,,,80.79812207,0,NT 1L
NT,25,,,,,,,,,,,,,,,,,89.72972973,0,NT 2L
NT,25,,,,,,,,,,,,,,,,,96.48241206,0,NT 1R1L
NT,25,,,,,,,,,,,,,,,,,95.36082474,0,NT 2R1L
NT,25,,,,,,,,,,,,,,,,,108.6294416,0,NT 1R2L
NT,25,,,,,,,,,,,,,,,,,97.85,0,NT 2R2L
NT,25,,,,,,,,,,,,,,,,,96.96969697,0,NT Full
,,,,,,,,,,,,,,,,,,,,
,,,,,,,,,,,,,,,,,,,,
,,,,,,,,,,,,,,,,,,,,
,,,,,,,,,,,,,,,,,,,,
,,,,,,,,,,,,,,,,,,,,
,,,,,,,,,,,,,,,,,,,,
,,,,,,,,,,,,,,,,,,,,
,,,,,,,,,,,,,,,,,,,,
,,,,,,,,,,,,,,,,,,,,
,,,,,,,,,,,,,,,,,,,,
,,,,,,,,,,,,,,,,,,,,
,,,,,,,,,,,,,,,,,,,,
,,,,,,,,,,,,,,,,,,,,
,,,,,,,,,,,,,,,,,,,,
,,,,,,,,,,,,,,,,,,,,
,,,,,,,,,,,,,,,,,,,,
,,,,,,,,,,,,,,,,,,,,
,,,,,,,,,,,,,,,,,,,,
,,,,,,,,,,,,,,,,,,,,
,,,,,,,,,,,,,,,,,,,,
,,,,,,,,,,,,,,,,,,,,
,,,,,,,,,,,,,,,,,,,,
,,,,,,,,,,,,,,,,,,,,
,,,,,,,,,,,,,,,,,,,,
,,,,,,,,,,,,,,,,,,,,
,,,,,,,,,,,,,,,,,,,,
,,,,,,,,,,,,,,,,,,,,
,,,,,,,,,,,,,,,,,,,,
,,,,,,,,,,,,,,,,,,,,
,,,,,,,,,,,,,,,,,,,,
,,,,,,,,,,,,,,,,,,,,
,,,,,,,,,,,,,,,,,,,,
,,,,,,,,,,,,,,,,,,,,
,,,,,,,,,,,,,,,,,,,,
,,,,,,,,,,,,,,,,,,,,
,,,,,,,,,,,,,,,,,,,,
,,,,,,,,,,,,,,,,,,,,
,,,,,,,,,,,,,,,,,,,,
,,,,,,,,,,,,,,,,,,,,
,,,,,,,,,,,,,,,,,,,,
,,,,,,,,,,,,,,,,,,,,
,,,,,,,,,,,,,,,,,,,,
,,,,,,,,,,,,,,,,,,,,
,,,,,,,,,,,,,,,,,,,,
,,,,,,,,,,,,,,,,,,,,
,,,,,,,,,,,,,,,,,,,,
,,,,,,,,,,,,,,,,,,,,
,,,,,,,,,,,,,,,,,,,,
,,,,,,,,,,,,,,,,,,,,
,,,,,,,,,,,,,,,,,,,,
,,,,,,,,,,,,,,,,,,,,
,,,,,,,,,,,,,,,,,,,,
,,,,,,,,,,,,,,,,,,,,
,,,,,,,,,,,,,,,,,,,,
,,,,,,,,,,,,,,,,,,,,
,,,,,,,,,,,,,,,,,,,,
,,,,,,,,,,,,,,,,,,,,
,,,,,,,,,,,,,,,,,,,,
,,,,,,,,,,,,,,,,,,,,
,,,,,,,,,,,,,,,,,,,,
,,,,,,,,,,,,,,,,,,,,
,,,,,,,,,,,,,,,,,,,,
,,,,,,,,,,,,,,,,,,,,
,,,,,,,,,,,,,,,,,,,,
,,,,,,,,,,,,,,,,,,,,
,,,,,,,,,,,,,,,,,,,,
,,,,,,,,,,,,,,,,,,,,
,,,,,,,,,,,,,,,,,,,,
,,,,,,,,,,,,,,,,,,,,
,,,,,,,,,,,,,,,,,,,,
,,,,,,,,,,,,,,,,,,,,
,,,,,,,,,,,,,,,,,,,,
,,,,,,,,,,,,,,,,,,,,
,,,,,,,,,,,,,,,,,,,,
,,,,,,,,,,,,,,,,,,,,
,,,,,,,,,,,,,,,,,,,,
,,,,,,,,,,,,,,,,,,,,
,,,,,,,,,,,,,,,,,,,,
,,,,,,,,,,,,,,,,,,,,
,,,,,,,,,,,,,,,,,,,,
,,,,,,,,,,,,,,,,,,,,
,,,,,,,,,,,,,,,,,,,,
,,,,,,,,,,,,,,,,,,,,
,,,,,,,,,,,,,,,,,,,,
,,,,,,,,,,,,,,,,,,,,
,,,,,,,,,,,,,,,,,,,,
,,,,,,,,,,,,,,,,,,,,
,,,,,,,,,,,,,,,,,,,,
,,,,,,,,,,,,,,,,,,,,
,,,,,,,,,,,,,,,,,,,,
,,,,,,,,,,,,,,,,,,,,
,,,,,,,,,,,,,,,,,,,,
,,,,,,,,,,,,,,,,,,,,
,,,,,,,,,,,,,,,,,,,,
,,,,,,,,,,,,,,,,,,,,
,,,,,,,,,,,,,,,,,,,,
,,,,,,,,,,,,,,,,,,,,
,,,,,,,,,,,,,,,,,,,,
,,,,,,,,,,,,,,,,,,,,
,,,,,,,,,,,,,,,,,,,,
,,,,,,,,,,,,,,,,,,,,
,,,,,,,,,,,,,,,,,,,,
,,,,,,,,,,,,,,,,,,,,
,,,,,,,,,,,,,,,,,,,,
,,,,,,,,,,,,,,,,,,,,
,,,,,,,,,,,,,,,,,,,,
,,,,,,,,,,,,,,,,,,,,
,,,,,,,,,,,,,,,,,,,,
,,,,,,,,,,,,,,,,,,,,
,,,,,,,,,,,,,,,,,,,,
,,,,,,,,,,,,,,,,,,,,
,,,,,,,,,,,,,,,,,,,,
,,,,,,,,,,,,,,,,,,,,
,,,,,,,,,,,,,,,,,,,,
,,,,,,,,,,,,,,,,,,,,
,,,,,,,,,,,,,,,,,,,,
,,,,,,,,,,,,,,,,,,,,
,,,,,,,,,,,,,,,,,,,,
,,,,,,,,,,,,,,,,,,,,
,,,,,,,,,,,,,,,,,,,,
,,,,,,,,,,,,,,,,,,,,
,,,,,,,,,,,,,,,,,,,,
,,,,,,,,,,,,,,,,,,,,
,,,,,,,,,,,,,,,,,,,,
,,,,,,,,,,,,,,,,,,,,
,,,,,,,,,,,,,,,,,,,,
,,,,,,,,,,,,,,,,,,,,
,,,,,,,,,,,,,,,,,,,,
,,,,,,,,,,,,,,,,,,,,
,,,,,,,,,,,,,,,,,,,,
,,,,,,,,,,,,,,,,,,,,
,,,,,,,,,,,,,,,,,,,,
,,,,,,,,,,,,,,,,,,,,
,,,,,,,,,,,,,,,,,,,,
,,,,,,,,,,,,,,,,,,,,
,,,,,,,,,,,,,,,,,,,,
,,,,,,,,,,,,,,,,,,,,
,,,,,,,,,,,,,,,,,,,,
,,,,,,,,,,,,,,,,,,,,
,,,,,,,,,,,,,,,,,,,,
,,,,,,,,,,,,,,,,,,,,
,,,,,,,,,,,,,,,,,,,,
,,,,,,,,,,,,,,,,,,,,
,,,,,,,,,,,,,,,,,,,,
,,,,,,,,,,,,,,,,,,,,
,,,,,,,,,,,,,,,,,,,,
,,,,,,,,,,,,,,,,,,,,
,,,,,,,,,,,,,,,,,,,,
,,,,,,,,,,,,,,,,,,,,
,,,,,,,,,,,,,,,,,,,,
,,,,,,,,,,,,,,,,,,,,
,,,,,,,,,,,,,,,,,,,,
,,,,,,,,,,,,,,,,,,,,
,,,,,,,,,,,,,,,,,,,,
,,,,,,,,,,,,,,,,,,,,
,,,,,,,,,,,,,,,,,,,,
,,,,,,,,,,,,,,,,,,,,
,,,,,,,,,,,,,,,,,,,,
,,,,,,,,,,,,,,,,,,,,
,,,,,,,,,,,,,,,,,,,,
,,,,,,,,,,,,,,,,,,,,
,,,,,,,,,,,,,,,,,,,,
,,,,,,,,,,,,,,,,,,,,
,,,,,,,,,,,,,,,,,,,,
,,,,,,,,,,,,,,,,,,,,
,,,,,,,,,,,,,,,,,,,,
,,,,,,,,,,,,,,,,,,,,
,,,,,,,,,,,,,,,,,,,,
,,,,,,,,,,,,,,,,,,,,
,,,,,,,,,,,,,,,,,,,,
,,,,,,,,,,,,,,,,,,,,
,,,,,,,,,,,,,,,,,,,,
,,,,,,,,,,,,,,,,,,,,
,,,,,,,,,,,,,,,,,,,,
,,,,,,,,,,,,,,,,,,,,
,,,,,,,,,,,,,,,,,,,,
,,,,,,,,,,,,,,,,,,,,
,,,,,,,,,,,,,,,,,,,,
,,,,,,,,,,,,,,,,,,,,
,,,,,,,,,,,,,,,,,,,,
,,,,,,,,,,,,,,,,,,,,
,,,,,,,,,,,,,,,,,,,,
,,,,,,,,,,,,,,,,,,,,
,,,,,,,,,,,,,,,,,,,,
,,,,,,,,,,,,,,,,,,,,
,,,,,,,,,,,,,,,,,,,,
,,,,,,,,,,,,,,,,,,,,
,,,,,,,,,,,,,,,,,,,,
,,,,,,,,,,,,,,,,,,,,
,,,,,,,,,,,,,,,,,,,,
,,,,,,,,,,,,,,,,,,,,
,,,,,,,,,,,,,,,,,,,,
,,,,,,,,,,,,,,,,,,,,
,,,,,,,,,,,,,,,,,,,,
,,,,,,,,,,,,,,,,,,,,
,,,,,,,,,,,,,,,,,,,,
,,,,,,,,,,,,,,,,,,,,
,,,,,,,,,,,,,,,,,,,,
,,,,,,,,,,,,,,,,,,,,
,,,,,,,,,,,,,,,,,,,,
,,,,,,,,,,,,,,,,,,,,
,,,,,,,,,,,,,,,,,,,,
,,,,,,,,,,,,,,,,,,,,
,,,,,,,,,,,,,,,,,,,,
,,,,,,,,,,,,,,,,,,,,
,,,,,,,,,,,,,,,,,,,,
,,,,,,,,,,,,,,,,,,,,
,,,,,,,,,,,,,,,,,,,,
,,,,,,,,,,,,,,,,,,,,
,,,,,,,,,,,,,,,,,,,,
,,,,,,,,,,,,,,,,,,,,
,,,,,,,,,,,,,,,,,,,,
,,,,,,,,,,,,,,,,,,,,
,,,,,,,,,,,,,,,,,,,,
,,,,,,,,,,,,,,,,,,,,
,,,,,,,,,,,,,,,,,,,,
,,,,,,,,,,,,,,,,,,,,
,,,,,,,,,,,,,,,,,,,,
,,,,,,,,,,,,,,,,,,,,
,,,,,,,,,,,,,,,,,,,,
,,,,,,,,,,,,,,,,,,,,
,,,,,,,,,,,,,,,,,,,,
,,,,,,,,,,,,,,,,,,,,
,,,,,,,,,,,,,,,,,,,,
,,,,,,,,,,,,,,,,,,,,
,,,,,,,,,,,,,,,,,,,,
,,,,,,,,,,,,,,,,,,,,
,,,,,,,,,,,,,,,,,,,,
,,,,,,,,,,,,,,,,,,,,
,,,,,,,,,,,,,,,,,,,,
,,,,,,,,,,,,,,,,,,,,
,,,,,,,,,,,,,,,,,,,,
,,,,,,,,,,,,,,,,,,,,
,,,,,,,,,,,,,,,,,,,,
,,,,,,,,,,,,,,,,,,,,
,,,,,,,,,,,,,,,,,,,,
,,,,,,,,,,,,,,,,,,,,
,,,,,,,,,,,,,,,,,,,,
,,,,,,,,,,,,,,,,,,,,
,,,,,,,,,,,,,,,,,,,,
,,,,,,,,,,,,,,,,,,,,
,,,,,,,,,,,,,,,,,,,,
,,,,,,,,,,,,,,,,,,,,
,,,,,,,,,,,,,,,,,,,,
,,,,,,,,,,,,,,,,,,,,
,,,,,,,,,,,,,,,,,,,,
,,,,,,,,,,,,,,,,,,,,
,,,,,,,,,,,,,,,,,,,,
,,,,,,,,,,,,,,,,,,,,
,,,,,,,,,,,,,,,,,,,,
,,,,,,,,,,,,,,,,,,,,
,,,,,,,,,,,,,,,,,,,,
,,,,,,,,,,,,,,,,,,,,
,,,,,,,,,,,,,,,,,,,,
,,,,,,,,,,,,,,,,,,,,
,,,,,,,,,,,,,,,,,,,,
,,,,,,,,,,,,,,,,,,,,
,,,,,,,,,,,,,,,,,,,,
,,,,,,,,,,,,,,,,,,,,
,,,,,,,,,,,,,,,,,,,,
,,,,,,,,,,,,,,,,,,,,
,,,,,,,,,,,,,,,,,,,,
,,,,,,,,,,,,,,,,,,,,
,,,,,,,,,,,,,,,,,,,,
,,,,,,,,,,,,,,,,,,,,
,,,,,,,,,,,,,,,,,,,,
,,,,,,,,,,,,,,,,,,,,
,,,,,,,,,,,,,,,,,,,,
,,,,,,,,,,,,,,,,,,,,
,,,,,,,,,,,,,,,,,,,,
,,,,,,,,,,,,,,,,,,,,
,,,,,,,,,,,,,,,,,,,,
,,,,,,,,,,,,,,,,,,,,
,,,,,,,,,,,,,,,,,,,,
,,,,,,,,,,,,,,,,,,,,
,,,,,,,,,,,,,,,,,,,,
,,,,,,,,,,,,,,,,,,,,
,,,,,,,,,,,,,,,,,,,,
,,,,,,,,,,,,,,,,,,,,
,,,,,,,,,,,,,,,,,,,,
,,,,,,,,,,,,,,,,,,,,
,,,,,,,,,,,,,,,,,,,,
,,,,,,,,,,,,,,,,,,,,
,,,,,,,,,,,,,,,,,,,,
,,,,,,,,,,,,,,,,,,,,
,,,,,,,,,,,,,,,,,,,,
,,,,,,,,,,,,,,,,,,,,
,,,,,,,,,,,,,,,,,,,,
,,,,,,,,,,,,,,,,,,,,
,,,,,,,,,,,,,,,,,,,,
,,,,,,,,,,,,,,,,,,,,
,,,,,,,,,,,,,,,,,,,,
,,,,,,,,,,,,,,,,,,,,
,,,,,,,,,,,,,,,,,,,,
,,,,,,,,,,,,,,,,,,,,
,,,,,,,,,,,,,,,,,,,,
,,,,,,,,,,,,,,,,,,,,
,,,,,,,,,,,,,,,,,,,,
,,,,,,,,,,,,,,,,,,,,
,,,,,,,,,,,,,,,,,,,,
,,,,,,,,,,,,,,,,,,,,
,,,,,,,,,,,,,,,,,,,,
,,,,,,,,,,,,,,,,,,,,
,,,,,,,,,,,,,,,,,,,,
,,,,,,,,,,,,,,,,,,,,
,,,,,,,,,,,,,,,,,,,,
,,,,,,,,,,,,,,,,,,,,
,,,,,,,,,,,,,,,,,,,,
,,,,,,,,,,,,,,,,,,,,
,,,,,,,,,,,,,,,,,,,,
,,,,,,,,,,,,,,,,,,,,
,,,,,,,,,,,,,,,,,,,,
,,,,,,,,,,,,,,,,,,,,
,,,,,,,,,,,,,,,,,,,,
,,,,,,,,,,,,,,,,,,,,
,,,,,,,,,,,,,,,,,,,,
,,,,,,,,,,,,,,,,,,,,
,,,,,,,,,,,,,,,,,,,,
,,,,,,,,,,,,,,,,,,,,
,,,,,,,,,,,,,,,,,,,,
,,,,,,,,,,,,,,,,,,,,
,,,,,,,,,,,,,,,,,,,,
,,,,,,,,,,,,,,,,,,,,
,,,,,,,,,,,,,,,,,,,,
,,,,,,,,,,,,,,,,,,,,
,,,,,,,,,,,,,,,,,,,,
,,,,,,,,,,,,,,,,,,,,
,,,,,,,,,,,,,,,,,,,,
,,,,,,,,,,,,,,,,,,,,
,,,,,,,,,,,,,,,,,,,,
,,,,,,,,,,,,,,,,,,,,
,,,,,,,,,,,,,,,,,,,,
,,,,,,,,,,,,,,,,,,,,
,,,,,,,,,,,,,,,,,,,,
,,,,,,,,,,,,,,,,,,,,
,,,,,,,,,,,,,,,,,,,,
,,,,,,,,,,,,,,,,,,,,
,,,,,,,,,,,,,,,,,,,,
,,,,,,,,,,,,,,,,,,,,
,,,,,,,,,,,,,,,,,,,,
,,,,,,,,,,,,,,,,,,,,
,,,,,,,,,,,,,,,,,,,,
,,,,,,,,,,,,,,,,,,,,
,,,,,,,,,,,,,,,,,,,,
,,,,,,,,,,,,,,,,,,,,
,,,,,,,,,,,,,,,,,,,,
,,,,,,,,,,,,,,,,,,,,
,,,,,,,,,,,,,,,,,,,,
,,,,,,,,,,,,,,,,,,,,
,,,,,,,,,,,,,,,,,,,,
,,,,,,,,,,,,,,,,,,,,
,,,,,,,,,,,,,,,,,,,,
,,,,,,,,,,,,,,,,,,,,
,,,,,,,,,,,,,,,,,,,,
,,,,,,,,,,,,,,,,,,,,
,,,,,,,,,,,,,,,,,,,,
,,,,,,,,,,,,,,,,,,,,
,,,,,,,,,,,,,,,,,,,,
,,,,,,,,,,,,,,,,,,,,
,,,,,,,,,,,,,,,,,,,,
,,,,,,,,,,,,,,,,,,,,
,,,,,,,,,,,,,,,,,,,,
,,,,,,,,,,,,,,,,,,,,
,,,,,,,,,,,,,,,,,,,,
,,,,,,,,,,,,,,,,,,,,
,,,,,,,,,,,,,,,,,,,,
,,,,,,,,,,,,,,,,,,,,
,,,,,,,,,,,,,,,,,,,,
,,,,,,,,,,,,,,,,,,,,
,,,,,,,,,,,,,,,,,,,,
,,,,,,,,,,,,,,,,,,,,
,,,,,,,,,,,,,,,,,,,,
,,,,,,,,,,,,,,,,,,,,
,,,,,,,,,,,,,,,,,,,,
,,,,,,,,,,,,,,,,,,,,
,,,,,,,,,,,,,,,,,,,,
,,,,,,,,,,,,,,,,,,,,
,,,,,,,,,,,,,,,,,,,,
,,,,,,,,,,,,,,,,,,,,
,,,,,,,,,,,,,,,,,,,,
,,,,,,,,,,,,,,,,,,,,
,,,,,,,,,,,,,,,,,,,,
,,,,,,,,,,,,,,,,,,,,
,,,,,,,,,,,,,,,,,,,,
,,,,,,,,,,,,,,,,,,,,
,,,,,,,,,,,,,,,,,,,,
,,,,,,,,,,,,,,,,,,,,
,,,,,,,,,,,,,,,,,,,,
,,,,,,,,,,,,,,,,,,,,
,,,,,,,,,,,,,,,,,,,,
,,,,,,,,,,,,,,,,,,,,
,,,,,,,,,,,,,,,,,,,,
,,,,,,,,,,,,,,,,,,,,
,,,,,,,,,,,,,,,,,,,,
,,,,,,,,,,,,,,,,,,,,
,,,,,,,,,,,,,,,,,,,,
,,,,,,,,,,,,,,,,,,,,
,,,,,,,,,,,,,,,,,,,,
,,,,,,,,,,,,,,,,,,,,
,,,,,,,,,,,,,,,,,,,,
,,,,,,,,,,,,,,,,,,,,
,,,,,,,,,,,,,,,,,,,,
,,,,,,,,,,,,,,,,,,,,
,,,,,,,,,,,,,,,,,,,,
,,,,,,,,,,,,,,,,,,,,
,,,,,,,,,,,,,,,,,,,,
,,,,,,,,,,,,,,,,,,,,
,,,,,,,,,,,,,,,,,,,,
,,,,,,,,,,,,,,,,,,,,
,,,,,,,,,,,,,,,,,,,,
,,,,,,,,,,,,,,,,,,,,
,,,,,,,,,,,,,,,,,,,,
,,,,,,,,,,,,,,,,,,,,
,,,,,,,,,,,,,,,,,,,,
,,,,,,,,,,,,,,,,,,,,
,,,,,,,,,,,,,,,,,,,,
,,,,,,,,,,,,,,,,,,,,
,,,,,,,,,,,,,,,,,,,,
,,,,,,,,,,,,,,,,,,,,
,,,,,,,,,,,,,,,,,,,,
,,,,,,,,,,,,,,,,,,,,
,,,,,,,,,,,,,,,,,,,,
,,,,,,,,,,,,,,,,,,,,
,,,,,,,,,,,,,,,,,,,,
,,,,,,,,,,,,,,,,,,,,
,,,,,,,,,,,,,,,,,,,,
,,,,,,,,,,,,,,,,,,,,
,,,,,,,,,,,,,,,,,,,,
,,,,,,,,,,,,,,,,,,,,
,,,,,,,,,,,,,,,,,,,,
,,,,,,,,,,,,,,,,,,,,
,,,,,,,,,,,,,,,,,,,,
,,,,,,,,,,,,,,,,,,,,
,,,,,,,,,,,,,,,,,,,,
,,,,,,,,,,,,,,,,,,,,
,,,,,,,,,,,,,,,,,,,,
,,,,,,,,,,,,,,,,,,,,
,,,,,,,,,,,,,,,,,,,,
,,,,,,,,,,,,,,,,,,,,
,,,,,,,,,,,,,,,,,,,,
,,,,,,,,,,,,,,,,,,,,
,,,,,,,,,,,,,,,,,,,,
,,,,,,,,,,,,,,,,,,,,
,,,,,,,,,,,,,,,,,,,,
,,,,,,,,,,,,,,,,,,,,
,,,,,,,,,,,,,,,,,,,,
,,,,,,,,,,,,,,,,,,,,
,,,,,,,,,,,,,,,,,,,,
,,,,,,,,,,,,,,,,,,,,
,,,,,,,,,,,,,,,,,,,,
,,,,,,,,,,,,,,,,,,,,
,,,,,,,,,,,,,,,,,,,,
,,,,,,,,,,,,,,,,,,,,
,,,,,,,,,,,,,,,,,,,,
,,,,,,,,,,,,,,,,,,,,
,,,,,,,,,,,,,,,,,,,,
,,,,,,,,,,,,,,,,,,,,
,,,,,,,,,,,,,,,,,,,,
,,,,,,,,,,,,,,,,,,,,
,,,,,,,,,,,,,,,,,,,,
,,,,,,,,,,,,,,,,,,,,
,,,,,,,,,,,,,,,,,,,,
,,,,,,,,,,,,,,,,,,,,
,,,,,,,,,,,,,,,,,,,,
,,,,,,,,,,,,,,,,,,,,
,,,,,,,,,,,,,,,,,,,,
,,,,,,,,,,,,,,,,,,,,
,,,,,,,,,,,,,,,,,,,,
,,,,,,,,,,,,,,,,,,,,
,,,,,,,,,,,,,,,,,,,,
,,,,,,,,,,,,,,,,,,,,
,,,,,,,,,,,,,,,,,,,,
,,,,,,,,,,,,,,,,,,,,
,,,,,,,,,,,,,,,,,,,,
,,,,,,,,,,,,,,,,,,,,
,,,,,,,,,,,,,,,,,,,,
,,,,,,,,,,,,,,,,,,,,
,,,,,,,,,,,,,,,,,,,,
,,,,,,,,,,,,,,,,,,,,
,,,,,,,,,,,,,,,,,,,,
,,,,,,,,,,,,,,,,,,,,
,,,,,,,,,,,,,,,,,,,,
